[
   {
      "valor": "Innovación",
      "img": "innovacion.png"
   },
   {
      "valor": "Enfoque",
      "img": "enfoque.png"
   },
   {
      "valor": "Empoderamiento",
      "img": "empoderamiento.png"
   },
   {
      "valor": "Iniciativa Digital",
      "img": "iniciativa_digital.png"
   },
   {
      "valor": "Claro y Valiente",
      "img": "claro_y_valiente.png"
   },
   {
      "valor": "Fomenta la Curiosidad",
      "img": "fomenta_la_curiosidad.png"
   },
   {
      "valor": "Construye Conﬁanza",
      "img": "construye_confianza.png"
   },
   {
      "valor": "Promueve el cambio",
      "img": "promueve_el_cambio.png"
   },
   {
      "valor": "Pasión",
      "img": "pasion.png"
   },
   {
      "valor": "Escucha activa",
      "img": "escucha_activa.png"
   }
]